"status_id","text","screen_name","created_at","favorite_count","retweet_count"
"1455523867120783363","Ich bin in Gedanken bei den Angehörigen, Hinterbliebenen und Opfern des grausamen und sinnlosen Terroranschlags, das unser Land am 2.11.2020 erschüttert hat. Ich teile ihren Schmerz, ihre Trauer und ihre Wut.","Alma_Zadic",2021-11-02 13:15:06,109,2
"1446138344279322630","Die politischen Angriffe auf die #Justiz und einzelne Mitarbeiter:innen haben es notwendig gemacht, dass ich mich seit Beginn meiner Amtszeit immer wieder schützend vor die Justiz stellen muss. Seit meinem ersten Tag im Amt schütze und stärke ich die Unabhängigkeit der Justiz. https://t.co/FqM96I1wrl","Alma_Zadic",2021-10-07 15:40:23,1845,176
"1444721424548220929","Die heute vorgestellte #Steuerreform ist ein echter Meilenstein für den #Klimaschutz in Österreich. https://t.co/1pL0xdH0wc","Alma_Zadic",2021-10-03 17:50:03,59,7
"1415264401628729352","Herzlichen Glückwunsch @susanneraab_at!  Ich wünsche dir und deinem Mann alles Gute zur Geburt eures kleinen Wunders. Den kleinen Erdenbürger heiße ich herzlich willkommen. Genießt diese wunderschöne und magische Kennenlernphase.","Alma_Zadic",2021-07-14 10:58:22,98,2
"1413804010285457409","Lieber @sebastiankurz, gratuliere dir und Susanne zu den tollen Neuigkeiten. Vor euch liegt eine spannende und unglaublich bereichernde Zeit, ich freue mich mit euch!","Alma_Zadic",2021-07-10 10:15:17,173,7
"1408906756114337793","Unglaubliche Leistung @oefb1904 - ihr habt bis zum Schluss um jeden Ball gekämpft. Es war ein tolles Spiel und ein sensationelles Turnier. Danke euch <U+0001F1E6><U+0001F1F9><U+0001F4AA>","Alma_Zadic",2021-06-26 21:55:21,401,11
"1405905377212911626","Wie angekündigt, habe ich die Sorgen der Zivilgesellschaft ernst genommen und den § 112a StPO im Sinne der #Korruptionsbekämpfung geändert. Die Regelung, bei der eine Einschränkung der Sicherstellungen bei Behörden befürchtet wurde, ist gestrichen. https://t.co/y1P0lSkaKl","Alma_Zadic",2021-06-18 15:08:57,334,35
"1405609896708562946","Danke für den guten Austausch! @vanderbellen https://t.co/E3PqRz1Hur","Alma_Zadic",2021-06-17 19:34:49,89,4
"1402940619484434443","Die sich wiederholenden und unqualifizierten Angriffe auf die #Justiz und insbesondere auf die #WKStA sind inakzeptabel und das aus mehreren Gründen:","Alma_Zadic",2021-06-10 10:48:03,2910,402
"1401829657771753478","Als Justizministerin entschuldige ich mich heute stellvertretend für die Justiz in aller Form bei jenen homosexuellen Menschen und ihren Angehörigen, die in der zweiten Republik strafgerichtlich aufgrund ihrer sexuellen Orientierung verfolgt wurden.","Alma_Zadic",2021-06-07 09:13:29,2491,264
"1400180184284868610","Spitzenbeamt*innen müssen alle Institutionen der Demokratie respektieren, auch den Verfassungsgerichtshof. Niemand kann sich über diese Institutionen stellen. Wer rassistische und frauenfeindliche Ansichten vertritt, schadet der unabhängigen Justiz und dem Vertrauen in diese. https://t.co/8THr8MVJqk","Alma_Zadic",2021-06-02 19:59:04,980,129
"1399382174617460740","Cestitam Tomislavu Tomaševicu (@ttomasevichr) na izboru za novog gradonacelnika Zagreba. #GreenWave je zahvatio cijelu Evropu. 
Congratulations to the new green Mayor of Zagreb.","Alma_Zadic",2021-05-31 15:08:04,185,6
"1394564595205947394","Together with @UNWomen Serbia, I organized a SpecialEvent during the #CCPCJ30 focusing on prevention of #domesticviolence and challenges faced by female victims. Enforcing existing laws to protect women and girls remains the biggest challenge. https://t.co/afXRdRcQnZ","Alma_Zadic",2021-05-18 08:04:43,46,3
"1389895886747181060","Heute gedenken wir der Opfer des Nationalsozialismus. Wir gedenken, damit wir die Vergangenheit #Niemalsvergessen, daraus lernen und diese Schrecken nie wieder zulassen. Damit wir auch die kleinen Schritte erkennen, die zu schlimmsten Gräueltaten unserer Geschichte führten. https://t.co/Y3VBu2QAdK","Alma_Zadic",2021-05-05 10:52:57,181,18
"1388104253072453634","Bereits der 9. #Femizid dieses Jahr. Monatlich werden in Österreich im Schnitt 2 Frauen ermordet. Die Täter stehen häufig in einem Beziehungs- oder Familienverhältnis zum Opfer und haben nicht gelernt Konflikte gewaltfrei zu lösen.","Alma_Zadic",2021-04-30 12:13:38,233,23
"1385843466324877314","Gestern wurde bereits der 8. Frauenmord gemeldet. Die Gründe für #Femizide sind niemals „Ehedramen“, Eifersucht oder Liebeskrisen. Man tötet nicht aus Liebe.","Alma_Zadic",2021-04-24 06:30:04,694,69
"1384191629397921801","Lieber @WolfgangMueckst, herzlichen Glückwunsch zur Angelobung. Du hast eine herausfordernde Aufgabe übernommen. Ich bin mir sicher, dass Du mit Deinem Elan und Tatendrang diese hervorragend meistern wirst.

Herzlich Willkommen im Team. Ich freue mich auf die Zusammenarbeit. <U+0001F4AA><U+0001F3FC><U+0001F49A>","Alma_Zadic",2021-04-19 17:06:16,173,4
"1381948421825826816","Lieber @rudi_anschober, du hast unsere Gesundheit mit Kompetenz, Ruhe und Umsicht unermüdlich geschützt und uns zuversichtlich durch eine Pandemie geführt. Danke, lieber Rudi, für deinen unermüdlichen Einsatz, deinen Humor auch in schwierigen Zeiten und deine Freundschaft.  <U+0001F4AA><U+0001F49A> https://t.co/KBwHwWdd79","Alma_Zadic",2021-04-13 12:32:33,690,16
"1381836754861309952","Beim gestrigen Gespräch mit Expert*innen ging es um das Verhältnis zwischen #Amtshilfe und #Zwangsgewalt. 
Danke für die konstruktive und ergebnisorientierte Diskussion.
Ein starker Rechtsstaat braucht auch eine unabhängig ermittelnde Staatsanwaltschaft. https://t.co/xxDikHWsVr","Alma_Zadic",2021-04-13 05:08:50,126,9
"1379454559140126724","Mein Ziel ist es die Rahmenbedingungen für eine effektive Korruptionsbekämpfung zu verbessern und die Unabhängigkeit der Staatsanwaltschaft zu stärken.   
Daher ist für mich klar, dass Ermittlungsmöglichkeiten nicht eingeschränkt werden dürfen.","Alma_Zadic",2021-04-06 15:22:50,1483,112
"1377613850699300869","Der Tod von Hugo Portisch ist ein schwerer Verlust für uns alle. Seine Arbeit und sein analytischer Geist, der es verstand Komplexes einfach darzustellen haben einen wichtigen Beitrag für unsere Gesellschaft geleistet. #RIP
https://t.co/EwXMx5e7VD","Alma_Zadic",2021-04-01 13:28:31,90,6
"1354047395647123457","Der Tod von Arik Brauer trifft uns tief. Er war ein Künstler wie kein anderer und Kämpfer für Demokratie &amp; Menschlichkeit. Seine mahnenden Worte werden uns die Schrecken des Nationalsozialismus nie vergessen lassen. Meine Gedanken sind bei seiner Familie. https://t.co/cbb9goI40T","Alma_Zadic",2021-01-26 12:43:50,111,2
"1352571445432479744","Liebe @susanneraab_at, ich gratuliere Dir vom ganzen Herzen und freue mich gemeinsam mit dir über dieses Geschenk. Großes Glück kann so klein sein <U+2764><U+0001F33B> https://t.co/WnGvabpwu0","Alma_Zadic",2021-01-22 10:58:56,125,3
"1347555934147588096","Mein Mann &amp; ich sind überglücklich und dankbar, dass unser kleiner Sohn am 6.1.2021 um 23:23 Uhr das Licht der Welt erblickt hat.Die nächsten paar Wochen werde ich mich gemeinsam mit meinem Mann unserem Sohn widmen.Danke @WKogler, dass du in dieser Zeit die Vertretung übernimmst. https://t.co/DHWMkrnJcv","Alma_Zadic",2021-01-08 14:49:05,6734,107
"1331658355815944194","Wir stehen gemeinsam gegen Gewalt an Frauen. Auf Initiative von Frauenministerin @susanneraab_at wird im Rahmen der  Bewusstseinskampagne der „16 Tage gegen Gewalt“ ein Schwerpunkt auf das Thema gelegt. #orangetheworld https://t.co/H6nc2szypQ https://t.co/vHnlrU9jjw","Alma_Zadic",2020-11-25 17:57:47,26,4
"1325789668949045248","#NiemalsVergessen! Heute von 82 Jahren verdichtete sich der Hass zu Gewalt gegen Juden. Jüdische Geschäfte wurden geplündert, ihre Wohnungen verwüstet, ihre Synagogen angezündet. Hunderte Juden wurden allein in dieser Nacht ermordet. https://t.co/GTRBNbnv70","Alma_Zadic",2020-11-09 13:17:43,168,19
"1323387458566934528","Danke an alle Blaulichtorganisationen, die für unsere Sicherheit heute im Einsatz sind. Es sind schreckliche Bilder, die fassungslos machen. Bitte bleibt zu Hause. Alle Hinweise bitte direkt an @LPDWien senden.","Alma_Zadic",2020-11-02 22:12:12,990,55
"1321884425324535809","Der abscheuliche Terroranschlag in #Nizza ist erschütternd. Meine Gedanken sind bei den Opfern u Angehörigen. Es ist zugleich auch ein Angriff auf unsere Demokratie, unsere Grund- und Freiheitsrechte. Jetzt heißt es solidarisch sein mit #Frankreich, mit #Europa.","Alma_Zadic",2020-10-29 18:39:41,370,20
"1309855800102473729","Unsere neue Bundesfrauensprecherin. Herzlichen Glückwunsch liebe @disoski! Wir sehen uns gleich live https://t.co/xf5EdaPhom https://t.co/MyXl7WnqLk","Alma_Zadic",2020-09-26 14:02:13,48,6
"1307211159565672449","Die Welt hat eine bedeutende Frau und Richterin, Ruth Bader Ginsburg, verloren. Eine Kämpferin für Frauenrechte, Gleichstellung und Gerechtigkeit. Ihr Wirken hat nicht nur viele Frauen sondern auch die Gesellschaft geprägt. RIP R.B.G.
https://t.co/BK1WtRcTKd","Alma_Zadic",2020-09-19 06:53:21,1049,144
"1302121965713580032","Wir haben an vielen kleinen und großen Schrauben gedreht, damit alle, die vom Hass im Netz betroffen sind, sich rasch, kostengünstig und unbürokratisch zu Wehr setzen können. Das Netz gehört uns allen und darf nicht einer kleinen Gruppe von Hatern überlassen werden. #HassimNetz https://t.co/m85OSrRUyA","Alma_Zadic",2020-09-05 05:50:43,353,35
"1297430607962800128","Ich bin entsetzt und betroffen über den tätlichen Angriff an Elie Rosen, den Präsidenten der jüdischen Gemeinde in Graz. Wir müssen dem Antisemitismus in all seiner Auspregung vehement und entschlossen entgegentreten. Er hat keinen Platz in unserer Gesellschaft. (1/2)","Alma_Zadic",2020-08-23 07:08:56,763,56
"1295374907602358278","Danke für den spannenden Austausch @VereinNEUSTART https://t.co/NiodLUUW3Q","Alma_Zadic",2020-08-17 15:00:19,79,12
"1290958054582886401","My thoughts are with the people of Beirut, with those who were injured or lost their loved ones during the horrible incident yesterday. In times of crisis we must stand together. #Lebanon #BeirutExplosion","Alma_Zadic",2020-08-05 10:29:19,210,4
"1287054655562944512","Wichtige Rede von @AOC! Abwertende Bemerkungen, Beschimpfungen gegenüber Frauen, entsprechen einem Muster. Dieses findet sich in der Herabwürdigung von Frauen, in der Entmenschlichung von Menschen, die eine andere nationale oder soziale Herkunft oder eine andere Religion haben. https://t.co/cBuiYl6r3O","Alma_Zadic",2020-07-25 15:58:36,524,47
"1281626437527769088","Hass und Gewalt im Netz gefährdet unsere Gesellschaft. Ich freue mich, dass wir gemeinsam mit @k_edtstadler, @susanneraab_at &amp; @sigi_maurer eine starke Initiative gegen #HassImNetz setzen. Mit einem umfassenden Maßnahmenpaket, wollen wir Hass&amp;Gewalt im Netz den Kampf ansagen. https://t.co/jATxf22APN","Alma_Zadic",2020-07-10 16:28:48,277,19
"1280975321836204034","Dieser Sexismus ist einfach nur grindig und eine Herabwürdigung von Politikerinnen. https://t.co/ceY0n6gSCW","Alma_Zadic",2020-07-08 21:21:30,1136,80
"1278381589248999429","Ich freue mich, dass es uns möglich war mit dem neuen Budget zusätzliche Stellen für Staatsanwält*innen zu schaffen. Ein wichtiger Schritt zur Beschleunigung von Verfahren. https://t.co/vkybtHS7a0","Alma_Zadic",2020-07-01 17:34:56,223,21
"1277689586311925761","Die illegale Greifvogelverfolgung ist die häufigste Todesursache für Kaiseradler. Durch unglaublichen Einsatz von @BirdLifeAustria konnte der ausgestorbene Kaiseradler wieder besiedelt werden. Illegale Verfolgung ist kein Kavaliersdelikt und muss Konsequenzen haben. https://t.co/Fy3NA08oWw","Alma_Zadic",2020-06-29 19:45:10,341,33
"1275482617614393345","Ein sehr wichtiges Projekt wird endlich umgesetzt! Die Shoa #Namensmauer - eine wichtige Gedenkstätte. Damit die Erinnerung wach bleibt und wir niemals vergessen. Danke allen Beteiligten! @k_edtstadler https://t.co/PuUIwRFC6t","Alma_Zadic",2020-06-23 17:35:28,83,6
"1273362911533174787","Jeder zweite, d im Gefängnis war, wird rückfällig. Das muss sich ändern. Eine Arbeitsgruppe soll ein Maßnahmenpaket entwickeln, um d Rückfallquote zu senken. Im Fokus steht die Resozialisierung. https://t.co/Xoc5Sg9Mh4","Alma_Zadic",2020-06-17 21:12:30,566,31
"1271122749885485062","Wunderschöner Beitrag - endlich weiß ich woher das Wort ""Masn haben"" kommt. https://t.co/6kUE0Cws3o","Alma_Zadic",2020-06-11 16:50:54,254,20
"1268468346460258304","Diese Ungerechtigkeit, dieser systematische Rassissmus erfüllt mich mit Wut und Trauer zugleich. #ICantBreath https://t.co/DC0Rf7DVhR","Alma_Zadic",2020-06-04 09:03:15,423,37
"1258792931491790850","Der 8. Mai 1945 steht für die Befreiung Europas. Mit diesem Tag feiern wir die ersten Schritte in eine offene und demokratische Gesellschaft, in der die Grund- und Freiheitsrechte im Zentrum unseres Handelns stehen. #NiemalsVergessen https://t.co/1WdEJ5P7PI","Alma_Zadic",2020-05-08 16:16:36,248,35
"1257704646644203520","Heute vor 75 Jahren wurde das KZ Mauthausen befreit. Zwischen 1938 und 1945 wurden dort 105.000 Menschen systematisch von den Nazis ermordert. Niemals vergessen und alles daran setzen, dass sich solche Verbrechen nie wieder wiederholen. https://t.co/pPn6plDi86","Alma_Zadic",2020-05-05 16:12:09,375,38
"1252987801114742784","Es geht um Solidarität, daher gibt es keine Förderungen von Unternehmen, die ihren Sitz in Steueroasen haben. @Gruene_Austria @dietomaselli @JakobCSchwarz https://t.co/9MWnEigyRK","Alma_Zadic",2020-04-22 15:49:05,509,45
"1246166261127622657","Die beste Zusammenfassung der Maßnahmen aus dem Justiz-Paket #COVID2019 https://t.co/ctb5VV6fb8","Alma_Zadic",2020-04-03 20:02:43,58,12
"1242529597079633921","Das ist echt schön #StayAtHome https://t.co/fZK6u4LvHW","Alma_Zadic",2020-03-24 19:11:55,367,42
"1241700675324727302","Mitten in der #Coronakrise jetzt auch noch ein Erdbeben in Kroatien. Die Bilder sind erschütternd. Meine Gedanken sind bei Familie &amp; FreundInnen in Zagreb. Uz vas smo! https://t.co/6qZU1eFvGJ","Alma_Zadic",2020-03-22 12:18:05,620,95
"1238784090406563840","Jede*r Einzelne von euch übernimmt den Schutz und die Verantwortung für die Mitmenschen in unserem Land. Danke euch allen. Nur gemeinsam wird es uns gelingen die Ansteckungsgefahr des #convid19 einzudämmen.","Alma_Zadic",2020-03-14 11:08:37,164,19
"1238781658339446786","#Covid_19 Maßnahmen #Justiz: Der Betrieb an Gerichten und Staatsanwaltschaften wird eingeschränkt, um die Virus-Verbreitung einzudämmen. Damit Rechtsfrieden&amp;Rechtsstaat auch in Krisenfällen Aufrecht bleiben, stellen wir auf Notbetrieb um. Alle Infos: 
https://t.co/hVj3oRiXme","Alma_Zadic",2020-03-14 10:58:57,186,57
"1230579538154967040","Hass, Hetze und Rassismus können zu abscheulichen Taten führen. Sie können auch zu furchtbaren Ermordung unschuldiger Menschen, wie jener in #Hanau fühern. Deren einziges Verbrechen war ihre Herkunft. Meine Gedanken sind bei den Familien und Freund*innen der Opfer des Anschlags.","Alma_Zadic",2020-02-20 19:46:39,919,72
"1228748952310292480","Bei meinem gestrigen Besuch bei d #WKStA habe ich mich mit Leiterin HR Vrabl-Sanda ausgetauscht. Ich habe insbs die Bedeutung ihrer Arbeit im Kampf gegen #Korruption u #Wirtschaftskriminalität betont. Die Stärkung der unabhängigen Ermittlungsarbeit ist mir ein wichtiges Anliegen https://t.co/s4NtVgdKJ7","Alma_Zadic",2020-02-15 18:32:33,542,41
"1224405281381199872","Aus für Tempo 140! Danke @lgewessler <U+0001F4AA><U+0001F49A> https://t.co/JAUJTMfCjx","Alma_Zadic",2020-02-03 18:52:22,767,35
"1223320889317634048","It was wonderful meeting you @MariaOhisalo - green ministers changing Europe. https://t.co/x5Iq1aoub3","Alma_Zadic",2020-01-31 19:03:22,405,17
"1221808772450062337","Es war mir eine große Freude bei der feierlichen Amtseinführung des neuen leitenden Staatsanwalts Mag. #Ebner in #Ried im Innkreis dabei zu sein. Viel Lob gab es für die scheidende Leiterin HR Dr. #Heger. https://t.co/b2z8S5EToo","Alma_Zadic",2020-01-27 14:54:46,112,3
"1220758283948122112","Am 27. Jänner ist #HolocaustGedenktag.Die Geschichte hat gezeigt; das große Böse kommt in vielen kleinen Schritten.Die Shoah darf sich nicht wiederholen und es liegt in unser aller Verantwortung,die Erinnerung wach zu halten u die Vorzeichen rechtzeitig zu erkennen. #WeRemember https://t.co/WHGvGs5VyH","Alma_Zadic",2020-01-24 17:20:30,745,78
"1215898340463906816","Ich möchte mich von ganzem Herzen bei euch bedanken. Die Solidaritätswelle, die mich die letzten Tage begleitet, ist überwältigend, schenkt Kraft und gibt Rückhalt. (1/3) #solidaritystorm","Alma_Zadic",2020-01-11 07:28:49,4673,223
"1213886233526571010","Hier auch die Erklärung warum die FPÖ falsche Behauptungen aufstellt: https://t.co/r6do7s3q1p","Alma_Zadic",2020-01-05 18:13:25,1087,161
"1206868696502812672","Danke für diesen wichtigen Beitrag @tinawirnsberger https://t.co/K7Dgto19wF","Alma_Zadic",2019-12-17 09:28:14,45,10
"1206281628257071104","Damit jedes Kind gleiche Chancen auf ein gutes Leben hat https://t.co/0hxqLUmcBv","Alma_Zadic",2019-12-15 18:35:26,64,2
"1204701801246793731","Danke VfGH, dem Hüter unserer Grundrechte! Das große Überwachungspaket der letzten zwei Jahre wurde in den kritischsten Punkten aufgehoben Bundestrojaner und Section Control. Wir werden nicht unsere Freiheit zu Gunsten einer scheinbaren Sicherheit aufgeben!","Alma_Zadic",2019-12-11 09:57:46,160,16
"1202745131281141760","Bei den spätnächtlichen Regierungsverhandlungen heute hatten wir einen Gast, der lieber unbemerkt geblieben wäre. Den Spitzel haben wir auf frischer Tat ertappt. https://t.co/R0g7ZigO2c","Alma_Zadic",2019-12-06 00:22:39,766,35
"1196916935713263616","Und wieder wird man auf die #Herkunft reduziert, alles andere zählt nicht. Die Ausbildung, die Erfahrung nichts zählt, vor dem omnipräsenten Hintergrund der Herkunft. Was muss man noch tun um endlich nicht mehr darauf reduziert zu werden? https://t.co/GRoReke0GJ","Alma_Zadic",2019-11-19 22:23:29,446,55
"1196410967074181123","Es braucht parlamentarische Aufklärung aber auch ein Transparenz- und Antikorruptionspaket, um das Vertrauen in die Politik wieder herzustellen. https://t.co/EBkIH1rZhL","Alma_Zadic",2019-11-18 12:52:57,49,5
"1194876626166800384","Wir haben im Untersuchungsausschuss mehrfach davor gewarnt, dass verdeckte Ermitter enttarnt werden könnten, nun ist es Realität. #BVT https://t.co/xemyovwYAr","Alma_Zadic",2019-11-14 07:16:02,90,11
"1194875716443226112","Mein Lieblingsmoment der gestrigen Sitzung. Danke @michelreimon https://t.co/u9z4J5eoEQ","Alma_Zadic",2019-11-14 07:12:25,109,10
"1194875149826347008","Herzlichen Glückwunsch @OliveraStajic https://t.co/CDmWPZUP8R","Alma_Zadic",2019-11-14 07:10:10,6,0
"1188937021911425024","Genau so ist es! @BarbaraNessler https://t.co/8CxoPqZYGI","Alma_Zadic",2019-10-28 21:54:10,26,2
"1186244203904323589","Herzlichen Glückwunsch lieber @derfieselthimo ! <U+0001F49A><U+0001F4AA> https://t.co/LXXqZMHBvl","Alma_Zadic",2019-10-21 11:33:52,12,2
"1184812396285747200","In einem etwas persönlicherem Gespräch mit @NEWS ist folgender Beitrag entstanden: https://t.co/5YrmAcdvVs","Alma_Zadic",2019-10-17 12:44:22,29,2
"1183499342814076928","Wahnsinn!! Tolles Ergebnis https://t.co/OG8mEQLGqE","Alma_Zadic",2019-10-13 21:46:46,17,0
"1183260681161920512","Übersetzt heißt das: wir mit südosteuropäischem Migrationshintergrund dürfen ja keine eigene Meinung haben, denn dann wird euch gleich dieser Hintergrund vorgeworfen, möglichst nicht anecken, nicht kritisieren, nur schweigen und arbeiten, bitte.","Alma_Zadic",2019-10-13 05:58:24,126,6
"1182356080321536002","Ich hätte mir nie gedacht den Werbespot einer Bank zu teilen ...aber er ist wirklich gut. https://t.co/pdN0Sr3pY9","Alma_Zadic",2019-10-10 18:03:51,23,0
"1182048866520244229","Es wird höhste Zeit, dass wir ernsthaft gegen Rechtsextremismus etwas tun. #Rechtsextreme Ideologien verbunden mit Hetze und Spaltung führen dazu, dass Menschen zu Waffen greifen, um gegen die ""anderen"" vorzugehen. #Halle","Alma_Zadic",2019-10-09 21:43:05,50,10
"1181554267192254464","Mit dabei war auch #KarlÖllinger. Im Kampf gegen den #Rechtsextremismus hat Karl Öllinger nie aufgegeben und ist immer aufgestanden, um auf Unrecht hinzuweisen. Danke Karl für deinen unermüdlichen Einsatz. @stopptrechte https://t.co/fUzd3skp9C","Alma_Zadic",2019-10-08 12:57:44,83,2
"1181546269866696704","Verhandlung ist vertagt. Spannender Punkt - Gegnerischer Anwalt räumt ein, dass die im Akt vorliegende Fotostrecke nicht eindeutig ist. Wir werden uns das Video nochmals ansehen. #Donnerstagsdemo","Alma_Zadic",2019-10-08 12:25:57,31,3
"1179043396024971266","Mehr von solchen Geschichten! Danke @MariaSterkl. Wer wissen will, was die Menschen wirklich beschäftigt und was sie zum besseren Leben brauchen, fährt in den 10. Bezirk. https://t.co/WSF5ifScVs","Alma_Zadic",2019-10-01 14:40:25,18,2
"1177643939085635585","Ein bisschen was über meine Motivation in die Politik zu gehen. https://t.co/eeojNefkKY","Alma_Zadic",2019-09-27 17:59:29,16,2
"1176978368455237632","Die Kollegin Stephanie Cox, hat das Parlament #oeNR zum Schweigen gebracht. Es war noch nie so ruhig und aufmerksam im Parlament: https://t.co/aZS9js7mRp","Alma_Zadic",2019-09-25 21:54:44,140,18
"1176877389143511042","#oeNR Justizminister Jabloner findet klare Worte zum ÖVP/FPÖ #Gewaltschutzpaket - ""es ist ein zivilisatorischer Rückschritt!""","Alma_Zadic",2019-09-25 15:13:29,304,59
"1176810196057972737","In der heutigen Debatte zur EU #Außengrenzen hat die FPÖ wieder die ""Festung Europa"" bewusst verwendet. Wenige wissen, dass dieser Begriff zu Beginn des NS-Regimes als Symbol der Stärke des von der Achse beherrschten Kontinents im Kampf gegen die Alliierten verwendet wurde. #oeNR","Alma_Zadic",2019-09-25 10:46:29,38,6
"1175738173701251072","Ich freue mich auf die heutige Diskussion https://t.co/erawcGr93z","Alma_Zadic",2019-09-22 11:46:39,34,5
"1175185286243868673","""Nicht schwächen durch Spaltung sondern stärken durch Zusammenhalt"" @WKogler https://t.co/m2yTbkeqD8","Alma_Zadic",2019-09-20 23:09:40,87,15
"1174729271086080002","Ich freue mich sehr gemeinsam mit @pepssch und mit unermüdlichem Einsatz von @rudi_anschober, dass wir heute endlich im #OeNR mehrheitlich  beschlossen haben AsylwerberInnen in Lehre nicht mehr abzuschieben!! Endlich #AusbildungStattAbschiebung https://t.co/KbpgHbueXY","Alma_Zadic",2019-09-19 16:57:38,613,86
"1174295262128422912","Heute tagt der EU Ausschuss zum  #mercosur Abkommen. @michelreimon und ich sind vor Ort und sind gespannt welche Wortmeldungen von den Parteien kommen. #EUHA https://t.co/CtPnQ17cWc","Alma_Zadic",2019-09-18 12:13:02,64,5
"1173973932543750144","Klimaschutz ist Menschenrechtsschutz. Es geht darum, dass wir Verantwortung für unseren Planeten und die zukünftigen Generationen übernehmen. @Gruene_Austria  https://t.co/N8GjDm4ZCb","Alma_Zadic",2019-09-17 14:56:11,47,10
"1173593446751358976","Abseits des ganzen Wahlkampf-Trubels habe ich eine Doku-Empfehlung für euch. Ein Überblick über die letzten 200 Jahre Industrialisierung und die fortschreitende Erdzersötung https://t.co/kuWwsvlycv","Alma_Zadic",2019-09-16 13:44:16,12,2
"1173340876266975233","Danke @sibyllehamann! Kinderbetreuung ist kein Frauenthema sondern ein Gesamtgesellschaftliches. Denn Kinderbetreuungsplätze sind für die Kinder da. Für die Kinder sind Frauen und Männer gleicherweise verantwortlich. Die Politik muss genau das ermöglichen.
#imzentrum","Alma_Zadic",2019-09-15 21:00:39,95,7
"1173340058553917440","Ich bin davon überzeugt, es gibt Juristen bei der FPÖ und ÖVP. Es wäre dringend notwendig den beiden Parteien den Unterschied zwischen RechtsANSPRUCH und Zwang zu erklären. #imzentrum","Alma_Zadic",2019-09-15 20:57:24,35,3
"1172054992754229249","Die traurige Wahrheit, dass man in der heutigen Politikwelt mehr für Inszenierung ausgibt, als für die Lösung von wirklichen Problemen. https://t.co/ZRRzKgQG54","Alma_Zadic",2019-09-12 07:51:00,125,41
"1164480973679091712","Was sagt unsere Polizei dazu, dass die FPÖ den Anschein erwecken will, unsere Polizei würde sich #Kickl als Innenminister wünschen? @LPDWien https://t.co/Pm3yyh7xvK","Alma_Zadic",2019-08-22 10:14:33,33,6
"1160973875976527872","Jetzt unterstützen! Es wird Zeit für eine vernünftige gemeinsame Politik. https://t.co/QBLrWJUFq6","Alma_Zadic",2019-08-12 17:58:36,20,7
"1160936603591876610","Das Ausmaß von Kickls Umfärbeaktionen wird immer größer. Für Kickl war die Parteifarbe wohl entscheidender als Qualifikation für Posten im Innenressort. Es wird Zeit, dass unsere Sicherheitsbehörden nicht für die Parteipolitik missbraucht werden.
https://t.co/vOruY2L7eQ","Alma_Zadic",2019-08-12 15:30:30,117,21
"1160576764093108227","Das darf sich nicht wiederholen https://t.co/XTS0QLSyQp","Alma_Zadic",2019-08-11 15:40:37,2,1
"1159883184005406722","Immer mehr Menschen, die jahrzehntelang hart gearbeitet haben, am Bau od als Putzpersonal, sind jetzt von d Kürzung d Sozialhilfe betroffen. Weil sie kein Deutsch sprechen. Wie sollen sie das in ihrem Alter nachlernen? Können wir nicht Menschen einfach in Würde altern lassen. https://t.co/5wlmWrh7A9","Alma_Zadic",2019-08-09 17:44:35,100,26
"1159726660872220673","Warum wir über das Erbe Kickl und Kunasek reden müssen? Um 10 Uhr reden @dziedzic_ewa und ich über die Auswirkungen einer blauen ""Unsicherheitspolitik"" https://t.co/K0M7SwPzyW","Alma_Zadic",2019-08-09 07:22:37,17,5
"1159533401365516288","Es wird Zeit die zwei Jahre Kickl &amp; Kunasek aufzuarbeiten - ihre Überwachungspolitik wirkt weiter. Darüber reden @dziedzic_ewa und ich morgen bei einer Pressekonferenz. @Gruene_Austria https://t.co/NtbOeVBERR","Alma_Zadic",2019-08-08 18:34:40,59,7
"1158807783409684480","Weder die Verbindung zur Neo-Nazo Szene, noch zu Identiträren werden thematisiert. Und die ""Einzelfälle"" sind laut Generalsek. der FPÖ ""aufgeblasen""? Echt jetzt - das soll es gewesen sein? https://t.co/Ffuq80Q0xs","Alma_Zadic",2019-08-06 18:31:19,11,1
"1156842563892121600","Das ist nur einer der Gründe warum wir den BVT Untersuchungsausschuss dringend fortsetzten müssen. Die parteipolitischen Einflussnahme auf das BVT muss vollständig aufgeklärt werden. https://t.co/gZj9matz2a","Alma_Zadic",2019-08-01 08:22:14,33,5
"1156541107184050176","Die traurige Wahrheit des neuen ÖVP/FPÖ Stils. Die die wenig haben haben jetzt noch weniger, als würde es den anderen dadurch besser gehen. Es macht mich einfach wütend. https://t.co/tJSyrz7lP2","Alma_Zadic",2019-07-31 12:24:22,67,5
"1149788740757413889","Irgendwas läuft schief. Entweder wir erziehen Frauen zu Selbstunterschätzung und/oder Männer zu massiven Selbstüberschätzung. Freue mich auf den Tag wenn d %Satz jener, die glaube eine Punkt gg Serena Williams machen zu können bei Frauen u Männern gleich ist. https://t.co/y2qubjUiLz","Alma_Zadic",2019-07-12 21:12:52,13,0
"1144857955961118720","Jemand d Menschen vor dem Ertrinken rettet, hat kein Verbrechen begangen. Jeder weiß, wenn man ein Gesetz brechen muss, um Menschenleben zu retten, ist man entschuldigt,weil Menschenleben d höchste Rechtsgut sind. #CarolaRackete hat 40 Menschen gerettet und wurde jetzt verhaftet. https://t.co/rn7ryuk4LR","Alma_Zadic",2019-06-29 06:39:41,287,62
"1144343696516820995","Die FPÖ stellt jetzt jemanden für die #Wahl19 auf, der bereits 2017 wegen eines #Hitlergruß-Fotos auf das Bundesratsmandat verzichten musste. Hat er jetzt seine NS-verherrlichenden Einstellung geändert? Oder warum sollte er für das Parlament kandidieren? https://t.co/M8xx6PWRN0","Alma_Zadic",2019-06-27 20:36:12,174,77
"1144341577411772416","Das ist so traurig. Endlich wurden die Ärzte suspendiert. https://t.co/9tCFBYiu2Q","Alma_Zadic",2019-06-27 20:27:47,8,1
"1141605558446956546","Ich habe meinen Augen nicht trauen können, als ich Martin Graf bei der letzten Sitzung des #Nationalfonds für Opfer d NS-Zeit gesehen habe. Es war eine Provokation sondergleichen. Die Reaktion von @DeutschOskar ist absolut gerechtfertigt. https://t.co/cwhNbMi4CW","Alma_Zadic",2019-06-20 07:15:49,105,29
"1139847412619649025","Danke @wienerlinien für dieses wichtige Zeichen! Ihr seid großartig! https://t.co/mD9xJZp8GW","Alma_Zadic",2019-06-15 10:49:35,68,7
"1139468084027318274","#Hausdurchsuchung bei #Rechtsextremisten: Die Beantwortung meiner Anfrage erhärtet den Verdacht, dass die Pressekonferenz von #Pilnacek und #Goldgruber ein Ablenkungsmanöver wsr, um von den vielen Verbindungen der #Identitären zur #FPÖ abzulenken. #OeNR https://t.co/UMqNC3VkUk","Alma_Zadic",2019-06-14 09:42:16,20,10
"1138783412913934336","Ein Zeichen für die #Menschenrechte vor einem halben Jahr gefordert, in einem freien und unabhängigen Parlament war es aber möglich. https://t.co/fqq31YmxTw","Alma_Zadic",2019-06-12 12:21:37,45,8
"1138712511073665024","Was für eine tolle Rede der Neuen #Bundeskanzlerin #Bierlein ""obwohl wir unterschiedlicher ethnischer Herkunft, religiöser Überzeugung oder sexueller Orientierung sind, verbindet uns alle das Element die Menschlichkeit."" #OeNr https://t.co/npYc6FrlBz","Alma_Zadic",2019-06-12 07:39:53,328,39
"1136948192522752001","Wie wäre es mit einem Demokratie Crash-Kurs? https://t.co/0vXZokbfqN","Alma_Zadic",2019-06-07 10:49:07,15,1
"1134099192115290112","Ich freue mich, dass wir mit #Bierlein eine erfahrene Höchstrichterin als #Bundeskanzlerin bekommen haben. Ich finde es spannend, wenn höchste Ämter der Verwaltung mit erfahrenen und besonnenen ExpertInnen besetzt werden, die dieses Amt nicht für den Wahlkampf verwenden.","Alma_Zadic",2019-05-30 14:08:12,180,19
"1133284111429316608","Was für eine Missachtung/Entwertung des Parlaments und unserer parlam. Demokratie. Das Parlament ist die einzige Institution (neben d BPräs), die vom Volk demokratisch gewählt wird. Jeder Parlamentarier steht für ca 35.000 Wahlberechtigte. https://t.co/afpMOJrPaa","Alma_Zadic",2019-05-28 08:09:22,304,58
"1132944004532899840","Das macht mich wütend und traurig  zugleich. Da diese Schändungen in dieser Häufigkeit nur bei uns vorkommen, muss die Ausstellung #GegenDasVergessen in Wien verlängert werden. Man sieht, dass wir mehr von solchen Projekte brauchen! #niewieder https://t.co/Xb3BoPhr0z","Alma_Zadic",2019-05-27 09:37:54,68,10
"1131140689041993728","Das macht mich unfassbar traurig. Wie kann man so etwas machen! https://t.co/ibpRuDUYWZ","Alma_Zadic",2019-05-22 10:12:10,58,9
"1130774446200033280","#Kickl erlässt noch eine Verordnung für EUR 1,50 Stundenlohn für Asylwerber. Als ""Abschiedsgeschenk"" für die Republik. Er lässt nicht locker und will seine Macht so lange wie möglich ausnutzen.","Alma_Zadic",2019-05-21 09:56:51,44,14
"1130483308981309440","#Kickl will seine Macht weiterhin im Innenministerium behalten, indem er #Goldgruber zum Generaldirektor für öffentliche Sicherheit macht. Dieser Plan ist zum Glück von @vanderbellen vereitelt worden. https://t.co/7Q9xF1h17R","Alma_Zadic",2019-05-20 14:39:58,47,3
"1130187999738781697","Auf den Moment warte ich seit Beginn der ÖVP/FPÖ Regierung: wir bringen in der nächsten Sitzung einen Misstrauensantrag gegen #Kickl im Parlament ein und die Mehrheit stimmt dafür! Nächste Sitzung kommt bald! #ibizagate","Alma_Zadic",2019-05-19 19:06:31,145,7
"1129455291836358656","Im Video erklärt #Strache, wie großzügige Spender, wie Glock, der FPÖ Geld schicken können. Bedankt hat sich die FPÖ mit einem Waffengesetz, dass erhebliche Erleichterungen beim
Zugang zu Waffen vorsieht. Meine Anfrage dazu: https://t.co/K9SPY4ONCO  #strachegate #strachevideo","Alma_Zadic",2019-05-17 18:35:00,304,75
"1129444129518309376","Manchmal ist Satire näher an der Wahrheit, als wir glauben wollen @janboehm https://t.co/NG4A2hcRkK","Alma_Zadic",2019-05-17 17:50:39,13,2
"1129430632961007616","Das muss Konsequenzen haben. FPÖs destruktiver Umgang mit unserem Rechtsstaat kann so nicht weitergehen. 
https://t.co/AN2un2t7E2","Alma_Zadic",2019-05-17 16:57:01,64,9
"1128380371714871297","Was für ein bewegender Text... unbedingt lesen. https://t.co/bgXUoG1YVx","Alma_Zadic",2019-05-14 19:23:39,1,2
"1128379599447052291","Ohne kritische Stimmen der NGOs und der RechtsanwältInnen wäre dieses Verfahren nie initiiert worden und ein offensichtlich unqualifizierter Gutachter würde immer noch Gehör finden. Ein Dank an alle, die sich für rechtsstaatliche Verfahren einsetzen!
https://t.co/aBKLV4j75i","Alma_Zadic",2019-05-14 19:20:35,29,3
"1127928690959179776","Es stellt sich jetzt raus, bei den Entscheidungen über die Verhängung der Schubhaft halten auch nur 58% Prozent vor dem Bundesverwaltungsgericht. 
https://t.co/DQMcl4Yw6l","Alma_Zadic",2019-05-13 13:28:50,4,0
"1127921126347292673","Ich freue mich schon sehr auf diese Diskussion https://t.co/GgLdey2Fyo","Alma_Zadic",2019-05-13 12:58:46,8,1
"1127656632844992512","An jedem #EU-Gesetz ist der #Rat und damit d Regierungsvertreter d Mitgliedstaaten beteiligt. Damit sind auch #Kurz und seine MinisterInnen für EU-Gesetze verantwortlich. Bevormundet er sich selbst und gibt dann wem anderen die Schuld für den ""Regulierungswahnsinn""?@NR_KLUB_JETZT","Alma_Zadic",2019-05-12 19:27:46,65,19
"1127648888477888512","Bis jetzt wurde die ""Pommesverordnung"" nur von rechten Parteien ins Lächerliche gezogen. Noch nie habe ich das von selbsternannten Parteien der Mitte gehört. die VO dient unserer Gesundheit und verhindert, dass uns karzinogene Stoffe aufgetischt werden. 
https://t.co/uKCOlZed1v","Alma_Zadic",2019-05-12 18:57:00,22,8
"1125832011376205825","Wieso ist #LailaMirzo schon wieder als ""Expertin"" ins #Parlament zum Thema #Integration geladen?Jemand der meint Muslime könnten nicht integriert werden u muslimische Frauen würden einen 'Geburtendschihad' anstreben hat auf einer Veranstaltung zum Frauenwahlrecht nichts verloren. https://t.co/1DjLgGn5X9","Alma_Zadic",2019-05-07 18:37:23,107,19
"1122830482293624833","Mit meinem Antrag habe ich von #Strache aufrichtige Distanzierung von Identitären u ihrem Kampfbegriff #Bevölkerungsaustausch verlangt. Mit d Ablehnung d Antrages durch ÖVP/FPÖ, hat d #ÖVP diese rechtsextreme Ideologie indirekt akzeptiert und in die Mitte der Gesellschaft geholt. https://t.co/7b4JzywoqG","Alma_Zadic",2019-04-29 11:50:22,296,83
"1121486329160830977","Alles nur Einzelfälle - Seit Regierungsantritt sind es 62 rechtsextreme, antisemitische und/oder ausländerfeindlich Einzelfälle! Das sind 4 im Monat oder 1 pro Woche. Diese Zahl habe ich mit einer Einzelfall-Schrift-Rolle veranschaulicht. https://t.co/72cHnOiR2Y","Alma_Zadic",2019-04-25 18:49:11,862,239
"1121442930101760002","Die ÖVP/FPÖ haben gerade meinen Antrag im #oeNR abgelehnt. Erschreckend, weder die FPÖ noch die ÖVP wollen sich von d #Ideologie des ""Großen Austauschs"" distanzieren. Eine Ideologie, die dazu führt, das Menschen zu Waffen greifen, um sich dagegen zu wehren. #Christchurch https://t.co/9rzH1mcqRj","Alma_Zadic",2019-04-25 15:56:44,134,49
"1121432163730300928","Ich habe gerade im #oeNR den Antrag eingebracht, die Regierung möge sich vom großen Austausch distanzieren, denn der ""Große Austausch"" ist eine Verschwörungstheorie, die bei uns keinen Platz hat. #Identitäre https://t.co/Z9C5ijM7MU","Alma_Zadic",2019-04-25 15:13:57,127,23
"1121170959459860480","Aktueller dann je. #mischdichein #SageNein https://t.co/2QamK0UboM","Alma_Zadic",2019-04-24 21:56:01,31,11
"1118514640114343936","Vor einem Jahr hat der #Innenminister sein Wunsch-#Überwachungspaket bekommen. Dieses kann er jetzt aber nicht so einsetzen, wie er will. Die Section Control-Kameras für Fahndungen gehen nämlich technisch gar nicht - gibt er als Antwort auf meine Anfrage.  https://t.co/Ou0y1sRo1C","Alma_Zadic",2019-04-17 14:00:45,18,6
"1117900828222693376","Für mich war #NotreDame immer ein faszinierendes Beispiel gotischer Architektur. Die Bilder von nicht endend wollendem Feuer erschüttern mich. Trotz des technologischen Fortschritts schaffen wir es immer noch nicht dem Feuer stand zu halten.","Alma_Zadic",2019-04-15 21:21:41,15,3
"1117031354699526144","Die ""Neuen Rechten"" sind europaweit vernetzt und agieren ähnlich wie in Österreich https://t.co/0GGqt5JJ2w","Alma_Zadic",2019-04-13 11:46:43,6,4
"1117029369988435968","Wie distanziert sich die FPÖ jetzt? https://t.co/YfuZuRkjw9","Alma_Zadic",2019-04-13 11:38:49,71,22
"1116996852765818880","Wir haben eine umfangreiche #Anfrage zur Neonazi Razzia eingebracht.Wollte uns d Regierung dadurch nur zeigen, dass sie eh was im #REX Bereich tut? Ist die ausgehungerte Justiz od die Kickl'sche #BVT-HD dafür verantwortlich, dass es erst jetzt zur HD kam.

https://t.co/g131bxJnif","Alma_Zadic",2019-04-13 09:29:37,7,2
"1116735823892893696","Vor 2 Monaten hat Vizekanzler Strache zu Podiumsdiskussion eingeladen. Podiumsgäste waren umstrittener Autor Michael Ley u Laila Mirzo, beiden wird Nähe zu Identitären nachgesagt - auf meine Anfrage, sagt er die Einladung sei auf seine Initiative erfolgt.
https://t.co/XYvC91k18A","Alma_Zadic",2019-04-12 16:12:23,64,25
"1116644904460083205","Das ist einfach nur gruselig. Wenn man es in den Kontext setzt mit ""Recht soll der Politik"" folgen, weiß man, dass so manchen, sowohl die parlamentarische als auch journalistische Kontrolle ein Dorn im Auge ist. https://t.co/2AgEE4ttVw","Alma_Zadic",2019-04-12 10:11:06,31,7
"1116333839935266816","Die Distanzierungsversuche der FPÖ von #Identitären sind absolut unglaubwürdig. #Strache muss sich endlich klar von der Ideologie der Identitären distanzieren und klarstellen, dass diese u insbes. der ""große Austausch"" keinen Platz in der FPÖ und der Regierung haben. https://t.co/dvqwFygP3Q","Alma_Zadic",2019-04-11 13:35:02,13,4
"1116269347666833409","Ob da was rauskommt, wenn die FPÖ Historikerkommission die Identitären sie dahin gestellt.
https://t.co/CHDRyIrLNU","Alma_Zadic",2019-04-11 09:18:46,8,4
"1116011313795411968","Während #Kickl uns in Atem hält, ist auf d Weltbühne etwas Sensationelles passiert. Die Forscher haben ein #SchwarzesLoch fotografiert. Ich bin voll begeistert u wünschte für einen Moment ich hätte mir den Kindheitstraum Astronautin zu werden erfüllt. 
https://t.co/C07DRor5cg","Alma_Zadic",2019-04-10 16:13:26,40,4
"1115986510287855617","#Kickl versucht sich an Justiz und Mitarbeitern abzuputzen, obwohl er dafür verantwortlich ist, dass das #BVT geschwächt ist. Die EGS hat unzählige Fallakten aus dem Extremismusbüro mitgenommen, die sehr wohl Ermittlungen der Rechtsextremenszene betroffen haben. #BVTUA https://t.co/InNWhjoHJv","Alma_Zadic",2019-04-10 14:34:52,30,11
"1115702828884987905","Es wird Zeit authentisch und ehrlich gegen Antisemitismus anzukämpfen! https://t.co/pCbCO4rLI7","Alma_Zadic",2019-04-09 19:47:37,16,4
"1115700281780658176","Endlich folgen Taten u nicht nur unglaubwürdige Distanzierungsversuche. Fraglich aber warum die #Hausdurchsuchung erst jetzt stattfindet? Ablenkung von FPÖ Verbindungen zu #Putin u #Identitären ? Od ist Verzögerung auf Kickl'sche HD im BVT zurückzuführen. https://t.co/aAZmYLWFD4","Alma_Zadic",2019-04-09 19:37:30,3,0
"1113758072638406656","Der FPÖ wird es nicht gelingen sich zu distanzieren, den sie ist zu eng mit der Neuen Rechten Szene verflochten. Der Grazer FPÖ-Chef stellt sich schützend vor eine rechtsextreme Bewegung! #Identitäre 

https://t.co/9J3mbW4B9X","Alma_Zadic",2019-04-04 10:59:51,37,16
"1113757233274396672","Die #Identitären eine rechtsextreme Bewegung unterwandert nicht nur eine Regierungspartei, nun hat sie Zugang zum Bundesheer. Wie die Recherche von @fabian_schmid zeigt, sind sie nicht mehr im Bundesheer gesperrt und nehmen an Waffenübungen d ÖBH teil!
https://t.co/9YFE5MJuCn","Alma_Zadic",2019-04-04 10:56:31,5,2
"1113428398586630151","Ich bin zutiefst erschüttert u traurig über den plötzlichen Tod meiner Kollegin #BarbaraKrenn. Sie war eine starke u großartige Frau, die jeden Rückschlag in ihrem Leben mit einer unglaublichen Willenskraft und Lebensfreude gemeistert hat. Sie wird fehlen!
https://t.co/5XmzlSNBn3","Alma_Zadic",2019-04-03 13:09:51,9,1
"1113327384474923008","Dieser Inszenierung als Opfer und Verdrehung der Tatsachen kann man nur so wie Fellner begegnen. @Oe24at https://t.co/7mGlE1b9fM","Alma_Zadic",2019-04-03 06:28:27,6,2
"1112651775218208768","Alles erdenklich Gute, liebe @BMeinl, das sind wunderschöne Nachrichten! https://t.co/qgBBkdB93v","Alma_Zadic",2019-04-01 09:43:49,12,1
"1111610092762382336","Es ist beschämend mit welcher Selbstverständlichkeit hier eine demokratisch gewählte Institution mit Füßen getreten wird. https://t.co/Fd1Zc3KEgI","Alma_Zadic",2019-03-29 12:44:33,10,3
"1111230451002298374","Der Innenminister #Kickl attackiert im #oeNR die #Opposition, weil wir seine Rede vor dem Kongress der ""Verteidiger Europas"" ausgegraben u vor das Parlament gebracht haben. Eine Rede in der er Rechtsextreme und Identitäre als Gleichgesinnte bezeichnet. @Peter_Pilz https://t.co/NKTIn4LOlR","Alma_Zadic",2019-03-28 11:35:59,269,70
"1109877092353748992","Sehr spannendes Interview zum Rechtsextremismus und seinen Netzwerken! https://t.co/3aJsDSfrXN","Alma_Zadic",2019-03-24 17:58:13,11,6
"1108393774332432385","herzlichen Glückwunsch liebe @NicolaWerdenigg! https://t.co/k5gFeyGhNK","Alma_Zadic",2019-03-20 15:44:03,13,0
"1108354099014262785","Aus Protokollen im #Tierschutz-Prozess ergibt sich, dass GD öff. Sicherheit an d BMI Platter berichtet. Trotzdem behauptet er sich an nichts erinnern zu können. Aber an eines kann es sich sicher erinnern: es hat nie irgendein schwarzes Netzwerk zu dieser Zeit gegeben #bvtua","Alma_Zadic",2019-03-20 13:06:24,42,14
"1108086529501466624","FPÖ/ÖVP Regierung wirkt und sorgt dafür, dass sie auch in Zukunft Wahlen gewinnen. https://t.co/dGto1c4ZuQ","Alma_Zadic",2019-03-19 19:23:10,7,1
"1107996071127670784","Jetzt dachte ich das wäre ein Beitrag der @DieTagespresse! Was ein Kreuz vor dem staatlichen Richter verloren hat, erschließt sich kaum jemanden mehr. Es richtet ja der Staat. https://t.co/M9klm1mdxX","Alma_Zadic",2019-03-19 13:23:43,13,6
"1107710552040714241","Wie war das nochmal mit im System sparen? https://t.co/dNj4hEwQTg","Alma_Zadic",2019-03-18 18:29:10,16,9
"1107370974025011200","Das ist genau der Grund, warum sich Menschen von der Politik abwenden, da gibt es Politiker die Ihre Frau verprügeln und es passiert NICHTS - weil man gut Kontakte ins BVT hat. Das BVT muss endlich parteiunabhängig werden #BVTUA
https://t.co/N1Y0401tvy","Alma_Zadic",2019-03-17 19:59:48,89,22
"1105879551932948480","#BVTUA Der operative Leiter der #Soko behauptet er hätte den Staatsanwalt über die Ermittlungsergebnisse der Verdeckten Ermittlerin umfassend informiert, die entlastenden Ergebnisse finden sich aber trotzdem nicht im Strafakt - warum nicht? #Tierschützer","Alma_Zadic",2019-03-13 17:13:26,16,4
"1105787044691935232","#bvtua Im UsA geht die Taktik weiter die Verantwortung für nicht vorgelegte entlastende Beweise im #Tierschützer-Prozess zwischen StA und Ermittler zuzuschieben. Chefermittlerin der SOKO behauptet, d Entscheidung d Berichte der Verdeckten Ermittlerin zurückzuhalten oblag der StA.","Alma_Zadic",2019-03-13 11:05:50,5,3
"1105779339910701056","Die Entscheidung der OStA Verfahren gg #Waldhäusl wg #Amtsmissbrauch und Freiheitsentziehung fortzusetzen macht zwei wichtige Punkte deutlich: 1. österreichischer Rechtsstaat funktioniert; 2. die Politik hat in Österreich immer noch dem Recht zu folgen! https://t.co/orBWNtf60T","Alma_Zadic",2019-03-13 10:35:13,46,7
"1105568486145826817","Eine großartige und bewundernswerte Frau ist von uns gegangen. Sie hat die politische Kultur geprägt und bleibt mit ihrer authentischen und hilfsbereiten Art unvergesslich. RIP https://t.co/D5skJB3yAB","Alma_Zadic",2019-03-12 20:37:22,19,2
"1103332133249187843","Der Anwalt der damals angeklagten #Tierschützer stellt nochmals klar, dass die Personen freigesprochen worden sind und wir heute nicht darüber zu diskutieren haben, ob sie damals etwas strafrechtliches gemacht haben. #BVTUA https://t.co/KZxlqQpPXv","Alma_Zadic",2019-03-06 16:30:54,50,12
"1103250502882676736","Chef von #KleiderBauer ruft persönlich beim Innenminister an, um sich über Ermittlungen zu beschweren. Daraufhin wird eine SOKO einberufen, die alle administrativen Möglichkeiten ausnützen möchte, um das Versammlungsrecht der Tierschützer zu untersagen #BVTUA","Alma_Zadic",2019-03-06 11:06:31,83,34
"1101537337702526983","Der Innenminister will uns allen zeigen, dass er sich nicht an die Vorgaben der Verfassung zu halten hat - er vollzieht ohne auch ohne entsprechende Gesetze. So ist das, wenn das Recht der Politik folgt. https://t.co/pGbtWeTHyq","Alma_Zadic",2019-03-01 17:39:01,44,14
"1101453374191554561","Diese Bilder sind #entsetzlich. Die Zustände in diesen Lagern in #Libyen, wo #Folter und Brutalität vorherrscht, können wir nicht einfach so hinnehmen. Es wird Zeit, dass vor den Toren Europas, diese Lager nicht auch noch von uns finanziert und mitgetragen werden. #HANDELN JETZT https://t.co/t7UnM4rxWp","Alma_Zadic",2019-03-01 12:05:23,12,3
"1098913434157178880","Ein starkes Europa wollen weder Trump noch Putin. Mit EUR 3 Millionen von Russland für Salvinis EU Wahlkampf, der mit seiner rechten und zerstörerischen EU Politik, Europa globalpolitisch schwächt, übt Putin direkten Einfluss auf EU Wahlen. https://t.co/L2VDaqWbal","Alma_Zadic",2019-02-22 11:52:34,36,13
"1095618609567748096","#BVTUA und Hausdurchsuchung: während in allen Büros d Steuerfahndung Sicherstellungsprotokolle erstellt, waren im Extremismusbüro #EGS Beamten unter Leitung eines FPÖ-Gemeinderats am Werk. Genau dieses und nur dieses Protokoll wird am nächsten Tag d BMI-Generalsekretär vorgelegt. https://t.co/2H1Xioc4wE","Alma_Zadic",2019-02-13 09:40:06,40,21
"1095428514055106561","Und wieder einen Schritt der totalen Machtausübung näher. Nun soll die unabhängig agierende @STATISTIK_AT auch der Message Control unterstellt werden. Das Bundeskanzleramt will auch kontrollieren, wann welche Statistiken veröffentlicht werden. https://t.co/fatFZGUpFZ","Alma_Zadic",2019-02-12 21:04:44,28,12
"1095262892612599815","Datenlöschungen im BVT. Die Daten der AktivistInnengruppe rund um @sigi_maurer und die Führung als ""kriminelle Verbindung"" hätten spätestens im Jahr 2012 gelöscht werden sollen. Heute sagt die Auskunftsperson, dass ihre Daten noch bis ins Jahr 2016 im BVT gespeichert waren #bvtua","Alma_Zadic",2019-02-12 10:06:37,21,14
"1094683750884167680","Und so lädt der Vizekanzler zu einer Podiumsdiskussion ein. Die Podiumsgäste sympathisieren offen mit den Identitären. Damit erlaubt er, dass ihre Werte, Gedanken und Einstellungen Schritt für Schritt legitimiert werden. https://t.co/KCvEvsnRmV","Alma_Zadic",2019-02-10 19:45:19,11,10
"1093141876121702400","Ich hoffe, dass BM @Karin_Kneissl öffentlich klar stellt, wie das gemeint war. Ihre Aussage wäre ein unmissverständliches Signal an alle muslimischen Kinder, dass sie nie je ein Teil unserer Gesellschaft werden können, aus dem einzigen Grund, weil sie eine andere Religion haben. https://t.co/XkPLWh5xj2","Alma_Zadic",2019-02-06 13:38:27,28,8
"1089099046751535105","Kickl hat jetzt verordnet, dass er die Beamten, die über Asylanträge entscheiden, selbst aussuchen will. Es wird nachhaltige Folgen haben, wenn über Asylanträge jene entscheiden, die dem Kickl'schen Menschenrechtsverständnis entsprechen müssen. 

https://t.co/Q8OaL54WSz","Alma_Zadic",2019-01-26 09:53:41,367,129
"1088811665095827460","So ergreifen sie langsam die Macht - Postenschacher á la FPÖ! https://t.co/QY5QBCsqVm","Alma_Zadic",2019-01-25 14:51:44,7,1
"1082952807911698433","#BVTUA @Peter_Pilz deckt in seiner Befragung das auf, was wir immer schon vermutet haben. Ein Mitarbeiter im BVT sammelt Daten über Führungskräfte aus Polizei, Justiz, Politik und Wirtschaft in einer geheimen ÖVP-Datenbank https://t.co/qjP5mX93wI . #JETZT wir bleiben dran.","Alma_Zadic",2019-01-09 10:50:44,92,23
"1082596095971262465","Hat neuer BMI Sektionsleiter #Webinger während d Pressekonferenz unabhängigen Gerichten vorgegriffen? 30.000 Verfahren hängen dzt bei Gerichten. Er meinte: ""Hier werden sehr viel Verfahren rechtskräftig negativ."" entschieden. Woher diese hellseherischen Fähigkeiten? #Kickl","Alma_Zadic",2019-01-08 11:13:17,45,10
"1074425995120259074","Bin ich die einzige die es deplatziert, fast respektlos findet, dass Minister #Blümel sowohl @rendiwagner als auch @BMeinl ständig geduzt hat #imzentrum. Was denkt ihr?","Alma_Zadic",2018-12-16 22:08:13,177,15
"1072166618355154945","Das habe ich nach den Rückmeldungen auf meinen Social Media Kanälen schon immer vermutet. https://t.co/hK8CAjFveb","Alma_Zadic",2018-12-10 16:30:16,24,8
"1069593677960499200","#Waldhäusl hat in all seinen Aussagen zum #Drasenhofen v.a. eines Bewiesen: sein Verständnis v Rechtsstaatlichkeit nimmt autokratische Züge an. Er versteht nicht, dass nicht Politiker darüber entscheiden, wer einzusperren ist, sondern die unabhängige Justiz. Rücktritt ist fällig!","Alma_Zadic",2018-12-03 14:06:19,174,27
"1069556866605301760","Wieder neue Details zu #Drasenhofen! @BerntKoschuh https://t.co/QsQPbzH7Lr","Alma_Zadic",2018-12-03 11:40:03,11,3
"1067803866505330689","#BVTUA Jetzt wissen wir, dass auch die Staatsanwältin #Schmudermayer wurde für den Untersuchungsausschuss gecoached!","Alma_Zadic",2018-11-28 15:34:15,31,8
"1067794696683094017","#BVTUA Es ist unglaublich, d Staatsanwältin gab gerade zu, dass EGS-Beamten Material gesichtet haben. Zwar haben sie keine elektronischen Datenträger durchsucht aber alle Ausdrucke sind sie durchgegangen, um Mails zu finden. Diese Dokumente enthielten auch sensible Informationen!","Alma_Zadic",2018-11-28 14:57:49,44,17
"1067720490377191424","#bvtua BM #Moser bestätigt, die Einflussnahme des BMI Kabinettsmitarbeiters #Lett sei ""an der Grenze der Absurdität"", denn dieser schlägt der WKStA Festnahmen und andere Zwangsmaßnahmen in der Sache vor. Das ist ein Druck auf die Ermittlungen, der seinesgleichen sucht.","Alma_Zadic",2018-11-28 10:02:56,33,12
"1067545873134039040","Liebe @BirgitHebein und @gruenewien! Herzlichen Glückwunsch zur Wahl der neuen Spitze in Wien! https://t.co/bPXn44STzQ","Alma_Zadic",2018-11-27 22:29:04,32,1
"1067445775133827072","Was wir schon immer gesagt haben wird nun endlich bestätigt! https://t.co/CgaDUO9JP4","Alma_Zadic",2018-11-27 15:51:19,9,5
"1067423579875069952","Stellen wir uns vor: Geschäftsführer eines größeren Unternehmens würde ggü d Aufsichtsrat erklären,er wisse nicht was er unterschreibt""es ist ein großes Unternehmen,ich bekomme täglich viele Infos, ich kann nicht alles lesen und prüfen."" Glaubt ihr er wäre länger GF?#BVTUA #Kickl","Alma_Zadic",2018-11-27 14:23:07,100,32
"1067380302404874240","#BVTUA Jetzt wissen wir warum die Anfragebeantwortungen d BMIs immer wieder falsch sind, es waren d Mitarbeiter,#Kickl sieht sich nicht verantwortlich!Nun greift Präsidentin #Bures ein u zitiert aus d B-VG. Ja, Herr IM, Sie sind für für d Richtigkeit d Antworten verantwortlich!","Alma_Zadic",2018-11-27 11:31:09,102,29
"1067374692254793728","#BVTUA @Peter_Pilz fragt wer d Verantwortung dafür trägt, dass BVTDir. nach den verdeckten Ermittler gefragt wurde. Das Wissen nach wo sie eingesetzt sind und wer sie sind, setzt diese ungeheuren Gefahren aus. #Kickl stellt eine Gegenfrage: Ist es dem IM verboten, das zu wissen?","Alma_Zadic",2018-11-27 11:08:52,19,8
"1067368877082976257","#BVTUA #Kickl weist jegliche Verantwortung von sich und schiebt alles auf seine Mitarbeiter. Er ist die Spitze des Ressorts und daher für das Handeln seiner Mitarbeiter verantwortlich - es ist einfach feig seine Mitarbeiter für das was im BMI schief läuft vorzuschieben","Alma_Zadic",2018-11-27 10:45:45,102,28
"1067345456613785600","#BVTUA Show-down - heute ist  Innenminister #Kickl dran und es geht um seine politische Verantwortung. Er kann sich den Fragen von @Peter_Pilz nicht mehr entziehen! JETZT geht's los!","Alma_Zadic",2018-11-27 09:12:41,7,1
"1067142515952967682","Liebe Pamela @rendiwagner, herzlichen Glückwunsch zu diesem tollen Wahlergebnis! Ich freue mich auf die weitere Zusammenarbeit! #TheFutureisFemale @SPOE_at https://t.co/SmBWQPKmFq","Alma_Zadic",2018-11-26 19:46:17,83,10
"1066359913738371073","Es wird Zeit, dass Europa endlich aufhört Waffen nach #SaudiArabien zu liefern. https://t.co/KVFKaKmH5z","Alma_Zadic",2018-11-24 15:56:30,19,1
"1066000685567811584","I like! https://t.co/iwKvlZIyPo","Alma_Zadic",2018-11-23 16:09:03,10,3
"1065972831681478662","Wenn das stimmt - hat man einen Mann in ein Land abgeschoben, wo ihm der sichere Tod droht.. und es hat sich bewahrheitet! Genau davor soll unser Asylsystem schützen. https://t.co/xLWnCdmXJO","Alma_Zadic",2018-11-23 14:18:22,7,3
"1065971077141184512","Ein FPÖ Abg. rechtfertigt die Überschreitung der Wahlkampfkosten Obergrenze damit, dass die Grenze nicht praktikabel sei. Mein Kollege #Noll veranschaulicht sein Beispiel mit der Promill-Grenze #OeNR https://t.co/rkN9mNHKio","Alma_Zadic",2018-11-23 14:11:24,35,11
"1065695953028636672","#OeNR ÖVP/FPÖ haben mit einfacher Mehrheit Art 18 B-VG geändert, in dem sie Ministerien ermächtigen, Handlungen zu setzen auch wenn Gesetze noch nicht beschlossen sind. https://t.co/lT5rtP7zWg","Alma_Zadic",2018-11-22 19:58:09,135,63
"1065597423542824960","Und solche Verharmlosungen werden von den FPÖ Ministerien mit Steuergeldern finanziert! https://t.co/xUfrj5aWLi","Alma_Zadic",2018-11-22 13:26:38,21,8
"1065544726592528384","Und schon wieder wird von d ÖVP/FPÖ versucht den Dialog im Parlament u den Parlamentarismus auszuschalten. Ein ÖVP/FPÖ Antrag wird 30min vor Abstimmung eingebracht - wie soll man darauf vernünftig reagieren können! #OeNR https://t.co/3D3bO3PCE0","Alma_Zadic",2018-11-22 09:57:14,64,20
"1063465126232317953","Jetzt werden in den BVT  Untersuchungsausschuss anscheinend Securities aus der rechten Szene eingeschleust. Das kann so nicht durchgehen! https://t.co/EU8g71UYBK","Alma_Zadic",2018-11-16 16:13:38,62,16
"1063419542402142209","Trotz der steigenden Anzahl von Hungerstreiks, Suizidversuche und Suizidgefährdete bei Menschen in Schubhaft sieht der Innenminister keine Veranlassung Maßnahmen zu ergreifen! https://t.co/ecTh3snm9B","Alma_Zadic",2018-11-16 13:12:30,8,3
"1062459542066356226","Während die FPÖ mit Duldung der ÖVP Hass und Hetze im Internet verbreitet, hält die Regierung gleichzeitig einen ""Hass im Netz"" Gipfel ab. Willkomen im Orwell'schen Wahrheitsministerium. https://t.co/cNV81Q3GD1","Alma_Zadic",2018-11-13 21:37:49,130,27
"1062091569795424256","Und so wird die staatliche Finanzierung dazu genutzt, um Falschinformationen zu verbreiten - unglaublich! https://t.co/MtyTzRAUnw","Alma_Zadic",2018-11-12 21:15:37,22,6
"1061281389105086464","Unfassbare Pietätlosigkeit Mistkübel auf #Stolpersteine zu stellen und das am 9. November! Burschenschaft #Olympia sollte sich schämen!  #Novemberpogrome https://t.co/fcg9ti0U9M","Alma_Zadic",2018-11-10 15:36:15,1,1
"1061274599340601345","Die letzten Stunden bis zur #Pogrom Nacht auf Twitter. @seinerzeitung danke dafür! https://t.co/NVDonFO3yf","Alma_Zadic",2018-11-10 15:09:16,2,0
"1061267009890148352","Es begann mit Hass, Hetze und Diskriminierung. Was zunächst am rechten Rand war, kam aber in kleinen Schritten in der Mitte der Gesellschaft an und mit den #Novemberpogromen folgten Taten und die Masse jubelte. Dieses Fotoalbum zeugt von Schrecken jener Nächte. https://t.co/ZHTRvsmWC4","Alma_Zadic",2018-11-10 14:39:07,3,1
"1061263396895707136","#Goldgruber hat im U-Ausschuss zig Male sich selbst oder anderen Zeugen widersprochen. Da wird wohl einiges zu vertuschen versucht, sonst wären diese Widersprüche wohl nicht notwendig. #Bvtua
https://t.co/js2fLPvLts","Alma_Zadic",2018-11-10 14:24:45,16,5
"1060431872931565573","Unfassbarer Umgang mit Journalisten und kritischen Fragen. https://t.co/pOuUHqTiNk","Alma_Zadic",2018-11-08 07:20:35,6,0
"1060142146194468864","Obwohl BVT-Direktor Gridling d Generalsekretär auf d Gefahr f d verdeckten Ermittler hinweist, will GS diese Frage nach dem Einsatzort beantwortet wissen. Zusätzlich wollte er wissen ""wer"" d Ermittler sind. Ich würde das grobe Fahrlässigkeit im Umgang mit Beamten nennen #BVTUA","Alma_Zadic",2018-11-07 12:09:18,29,11
"1057643158329323522","Wieder zeigt BMI #Kickl sein mangelndes Verständnis vom Rechtsstaat. Er argumentiert die Gesetzesverstöße seien in Ordnung, weil das Geld eh im Wirtschaftskreislauf landet. Nach der Logik wäre es Korruption und Steuerbetrug auch! #Wahlkampfkosten https://t.co/S6JrdGvfAQ","Alma_Zadic",2018-10-31 14:39:13,17,0
"1057575254640549888","Trauriger Tag f d internationale Zusammenarbeit.Ex-Außenminister Kurz verhandelt einen #UNMigrationspakt, um ihn dann als Kanzler unterFPÖ-Druck nicht zu unterzeichnen.Globale Fragen können nicht imAlleingang gelöst werden. An echten Antworten ist man anschein. nicht interessiert","Alma_Zadic",2018-10-31 10:09:24,82,26
"1057334090284843008","Ich freue mich, d Außenministerin @Karin_Kneissl ein europäisches Waffenembargo fordert. Einen diesbezügl Entschließungsantrag habe ich am Do im Parlament eingebracht. Obowhl ÖVP/FPÖ dagegen waren, ist diese klare Positionierung ein wichtiger Schritt. 
https://t.co/TuH4A5VvIm","Alma_Zadic",2018-10-30 18:11:06,7,1
"1057236684142796800","Kurz/Strache wollen jetzt den UN Migrationspakt nicht unterzeichnen. Niemand redet davon, dass d Pakt (1)unverbindlich ist, (2)kein Gewohnheitsrecht entstehen kann, denn es bedarf bei der Ausübung der Überzeugung der rechtlichen Verbindlichkeit u d ist ja explizit ausgeschlossen.","Alma_Zadic",2018-10-30 11:44:02,146,50
"1057233306620751874","Jeden Tag aufs Neue ist man über diese #Hetze entsetzt! @sebastiankurz sollte seinem Koalitionspartner nahelegen, dass Verbreitung v Hass u Hetze keinen Platz in unserer Gesellschaft hat. FPÖ geht immer einen Schritt weiter, weil es keine Konsequenzen gibt!Was kommt als Nächstes? https://t.co/prLT8CJtRk","Alma_Zadic",2018-10-30 11:30:37,36,8
"1056934408907829248","Ein sehr überlegter und spannender  Text! Danke @ArminWolf  https://t.co/qx08MtRhQz","Alma_Zadic",2018-10-29 15:42:54,6,2
"1056906256810758144","Es ist erschütternd welche widerwärtigen Hetzkampagnen ohne Konsequenzen bleiben!! Diese werden dann noch vom Vizekanzler geteilt! https://t.co/PJfEU0Ilpv","Alma_Zadic",2018-10-29 13:51:02,22,3
"1055897594180878336","Zum Nationalfeiertag haben wir über Qualität in der Politik gesprochen. Danke @lukasmandl für die Initiative! #politqualitaet https://t.co/Rxoi7qE99D https://t.co/g4fj4lbY11","Alma_Zadic",2018-10-26 19:02:58,10,1
"1054678060706996224","Wenn es um #Freiheitsrechte geht und Wahlbeeinflussung der EU Parlamentswahlen fehlt die österreichische Ratspräsidentschaft! Es scheint wohl nicht öffentlichkeistwirksam zu sein. https://t.co/o2oXPHrE50","Alma_Zadic",2018-10-23 10:16:59,12,4
"1053363368235618314","Die geschmacklosen Zwischenrufe im Parlament nehmen kein Ende! Heute war @BMeinl mit dem Zwischenruf konfrontiert, sie wäre ""keine Jungfrau""! Das hat nichts im Parlament verloren. https://t.co/U8lyX7fmFz","Alma_Zadic",2018-10-19 19:12:52,43,3
"1052578649457774592","#bvtua auch d letzte Belastungszeuge hatte nicht d Eindruck, dass er in seiner Aussage bei d WKStA Vorwürfe erhoben hätte, die eine HD rechtfertigen würden. Er war überrascht, dass es zur HD gekommen ist.Deswegen hat er sich veranlasst gesehen bei der StA Aussagen zu relativieren","Alma_Zadic",2018-10-17 15:14:40,18,4
"1052545448571854848","#bvtua d 3.Zeuge H. scheitn auch unwissend. Für d WKStA ist er ausschlaggebend für den Glauben an die ""Fernlöschungen"". Heute erzählt ""er sei kein Systemadmin"" u ""kein IT Experte."" Er glaubt Fernlöschung könnte passieren! Warum war die HD nochmals notwendig?","Alma_Zadic",2018-10-17 13:02:44,28,11
"1052262138880901120","Und genau solche Geschichten sollten auch Gehör finden.. https://t.co/sShy8SQtuu","Alma_Zadic",2018-10-16 18:16:58,6,0
"1052203626788253696","#bvtua aufgrund u.a. ihrer Zeugenaussage kam es zur HD im österreichischen Verfassungsschutz https://t.co/6FGEn62ELw","Alma_Zadic",2018-10-16 14:24:28,4,0
"1052198659750805504","#BVTUA auch der 2.Zeuge scheint nicht gewusst zu haben warum er zur StA gehen soll. In seinen Gesprächen mit Goldgruber&amp;Lett ging's lediglich um seine eigene Karenzierung, Reha und allgemein um den Staatsschutz. Über den Inhalt der Anschuldigungen wurde angebl. nicht geredet.","Alma_Zadic",2018-10-16 14:04:44,6,0
"1052192850509615109","#BVTUA heute befragen wir die Zeugen, welche vom #Lierferservice des BMI an die WkStA vermittelt wurden. Die Belastungszeugin hat aber keine Wahrnehmungen,über strafrechtlich relevante Sachverhalte. Gestört hat sie, d ihr schlecht Englisch spricht und Bambimeat zu Rehbraten sagt","Alma_Zadic",2018-10-16 13:41:39,13,4
"1051795764819763200","Es macht mich wütend, traurig, bestürzt, fassungslos und vieles mehr! Wie müssen sich diese Kinder fühlen, wenn ihnen jeden Tag aufs Neue gezeigt wird ""Du bist weniger Wert als wir"" ist das das Europa, das wir lieben? https://t.co/ljEaumO7eS","Alma_Zadic",2018-10-15 11:23:46,27,11
"1050411892009787392","Leider sieht es im #BVTUA so aus, als würde d Staatsanwältin selbst nicht belegen können, warum sie eine so umfangreiche Durchsuchung bei der Extremismusleiterin durchgeführt hat.Wir sehen es auch nicht belegt. Daher ist es absurd, dass Unmengen von Daten&amp;Akten mitgenommen wurden https://t.co/MEa3CRdnQN","Alma_Zadic",2018-10-11 15:44:45,10,5
"1050404067397300226","#BVTUA - Die Staatsanwältin ist wieder geladen. Alle fragen sich, warum sie beschlossen hat im Büro der Extremismusleiterin eine umfangreiche Hausdurchsuchung durchzuführen. Die Zeugenaussagen auf denen die HD-Anordnung beruht liefern hier leider keine Hinweise.","Alma_Zadic",2018-10-11 15:13:39,17,6
"1050313564559470592","Die Leiterin d Extremismusbüros hatte keine Ahnung warum die HD stattfindet, aber Sie hatte eine Vermutung ""Ich dachte: Jetzt ist der Tag X wo immer geredet wird - wenns an der Macht sind, hängens als erstes die Staatspolizei auf, und dann kommt die Justiz dran"" #BVTUA #Kickgate","Alma_Zadic",2018-10-11 09:14:02,33,13
"1049387103761719296","Ab sofort suche ich juristische Verstärkung für mein Team. Schwerpunkt: Grund- und Menschenrechte sowie internationale Beziehungen. Bitte leitet es in eurem FreundInnenkreis weiter. Ich freue mich auf die Bewerbungen. https://t.co/xcLX5fdlyI","Alma_Zadic",2018-10-08 19:52:36,5,5
"1047082628493529088","Unfassbar, wenn man die Informationen nicht auf legalem Wege erhält, wird halt einfach das #BVT gestürmt, um an diese Daten zu kommen. https://t.co/shNK9D0lBy","Alma_Zadic",2018-10-02 11:15:27,8,1
"1046757361468276736","Warum d Gesellschaft immer weniger rechts ist,aber rechteParteien trotzdem an Einfluss gewinnen?""D extreme #Rechte wird eine #Minderheit bleiben. Politischen Einfluss kann sie nur erobern, wenn andere Parteien ihre Politik umsetzen, ihre Sprache übernehmen oder mit ihr koalieren"" https://t.co/DXdNX8AqTg","Alma_Zadic",2018-10-01 13:42:57,3,4
"1046020550542454784","Unerhört mit welchen Zwischenrufen d Abgeordnete @Irmgard_Griss während ihrer Rede zur #Pressefreiheit konfrontiert ist.""So alt und noch so links!"" ""Gehen Sie in Pension!"" Das ist Altersdiskriminierung u hat im #oeNR nichts verloren! Provisor. Protokoll: https://t.co/xMHJzHEGD5","Alma_Zadic",2018-09-29 12:55:08,358,84
"1044611241736572928","Es ist mir absolut unverständlich, warum es für das #Innenministerium nicht wichtig ist das Thema der Polizei-Folter in d Polizei-Grundausbildungn aufzubringen. https://t.co/2H0ITX9FGr","Alma_Zadic",2018-09-25 15:35:02,14,8
"1044535486772125697","Ein #Innenminister, der,kritische Medien‘ an der Berichterstattung über sein Ministerium hindern will, ist keinen Tag länger tragbar u eine ernsthafte Bedrohung für unsere liberale demokratische Gesellschaft. @Peter_Pilz und ich stellen morgen einen #Misstrauensantrag!Es reicht!","Alma_Zadic",2018-09-25 10:34:01,183,36
"1043140262506033152","Ernsthaft? Das verteilt die FPÖ-Oberösterreich an Schulkinder? Wenn es um die Zustände zur Zeit der Großeltern geht, sollte die FPÖ vielleicht selbst noch einmal die Schulbank drücken. https://t.co/3FY60v7bni","Alma_Zadic",2018-09-21 14:09:53,22,8
"1042439403635974145","Jeder Anwalt würde sich eine so top vorbereitete Person wie den EGS Beamter R. wünschen!Kurze Antworten,kann sich an das meiste nicht erinnern u hat ""keine Wahrnehmungen"". Da die #EGS keine Aufzeichnungen führen durfte, kann man auch die Erinnerung nicht auffrischen. #BVTUA","Alma_Zadic",2018-09-19 15:44:56,3,1
"1042332276829372416","Der EGS Beamte hat gestern zugegeben, dass er für die Befragung gecoached wurde - u.a. in einer vom BMI organisierten Schulung. Er hat auch bestätigt, dass sie untereinander mögliche Fragen und  Antworten besprochen haben. Ich bin gespannt was sie uns heute bestätigen! #bvtua https://t.co/ktmdZqXBYL","Alma_Zadic",2018-09-19 08:39:15,57,12
"1041965206128271360","Los geht's - die nächsten zweit Tage sind @Peter_Pilz und ich wieder im Untersuchungsausschuss. Es werden zwei spannende Tage in denen wir genau klären werden, welchen Auftrag die EGS Einheit bei der Hausdurchsuchung hatte #BVTUsA","Alma_Zadic",2018-09-18 08:20:38,19,7
"1041592868425670656","Der rechtsaußen Kandidat für das BVwG zieht seine Kandidatur zurück. Ich hoffe, dass der nächste Kandidat, den die Regierung bestätigt, deutlich gemäßigter ist, europäische Werte achtet und tatsächlich ein ""kluger und befähigter Kopf"" ist. #Keyl #BVwG","Alma_Zadic",2018-09-17 07:41:06,34,8
"1041433946226085888","""Geht es Ihnen um die Kinder oder nur um Ihre Ideologie."" Sehr gute Frage Frau #Wiesinger","Alma_Zadic",2018-09-16 21:09:36,11,2
"1041433143587291136","Ich wünschte die großartige @MelisaErkurt wäre öfter dran gekommen #imzentrum - von ihren Erfahrungen und Lösungen für die diskutierten Probleme könnten viele profitieren. #ff","Alma_Zadic",2018-09-16 21:06:24,82,8
"1039899962564403200","#HilfevorOrt schaut anders aus! https://t.co/UE4zEXtSvI","Alma_Zadic",2018-09-12 15:34:06,15,8
"1038899272417267712","Demnach sollten Personen, die sich an die Clearing Stelle im Parlament melden, lernen, ""elegant"" mit ""Alltagsblödeleien"" umzugehen. Ob mit dieser Einstellung die Clearing Stelle im Parlament sinnvoll ist, wage ich zu bezweifeln. #imzentrum #bauerjelinek https://t.co/OjXzofMNud","Alma_Zadic",2018-09-09 21:17:43,76,22
"1038066512983195648","Unser Misstrauensantrag gegen den Innenminister wurde im Parlament wiedermal abgeschmettert #BVTUA #oeNR","Alma_Zadic",2018-09-07 14:08:37,3,0
"1038054720181555200","Es tauchen immer mehr Entscheidungen des BFA auf, die unfassbar sind und dem Rechtsstaat nicht würdig. Ich fordere den Innenminister auf endlich für Qualität in dieser Behörde zu sorgen! https://t.co/uEvScnJQ70","Alma_Zadic",2018-09-07 13:21:46,17,8
"1037672415910944770","Vorgehen von @JGudenus ist menschlich und politisch völlig verantwortungslos. Ein junger Mensch, der mit viel Einsatz und Engagement versucht, sich ein neues Leben aufzubauen, wird für politische Hetze missbraucht. Seine Zukunft wird völlig außer Acht gelassen.","Alma_Zadic",2018-09-06 12:02:37,33,3
"1037293632267714560","Nach über 30 Jahren im BVT berichtet die Auskunftsperson, dass er sich nicht vorstellen konnte, dass so eine Hausdurchsuchung in einem Rechtsstaat möglich sei. Wenn er daran denkt, wie mit seinem Kollegen umgegangen wurde, der nur Zeuge ist, wird ihm angst und bange #BVTUA","Alma_Zadic",2018-09-05 10:57:28,86,29
"1036896914673942528","#BVTUA es geht los! https://t.co/ynXNfOlq2x","Alma_Zadic",2018-09-04 08:41:03,4,0
"1036364175700844554","Sehr sehenswerte Dokumentation über den hohen Preis billiger Kleidung #orf2  Wir haben die katastrophalen Arbeitsbedingungen des 19 Jhds einfach nach Asien exportiert. Es muss ein Umdenken stattfinden.","Alma_Zadic",2018-09-02 21:24:08,24,5
"1035626478275362816","Ein Stück Geschichte, dass einem in Erinnerung ruft, wie besch** Krieg ist und wie schnell übertr Patriotismus + Nationalismus dazu führt! https://t.co/xckly4ybGK","Alma_Zadic",2018-08-31 20:32:48,13,3
"1035089555806978048","Am Dienstag geht's los! @Peter_Pilz und ich werden im BVT Ausschuss für Aufklärung sorgen. https://t.co/9QaqJW22gh","Alma_Zadic",2018-08-30 08:59:15,30,3
"1034810405435199490","""A dangerous idea fueled the war in t 90s, that u can only be safe if u live in your own ethnic group. This idea  regains credibility, and once again becomes a political program for nationalists across the region,""  a good read on the Balkans @adicerimagic https://t.co/T408cCP8Ug","Alma_Zadic",2018-08-29 14:30:01,4,1
"1034446907278536704","Steh auf und sage NEIN!! #Chemnitz https://t.co/XyS8FMcTje","Alma_Zadic",2018-08-28 14:25:36,10,3
"1034056326299701248","Die ÖVP scheint die gesamte Asyl- und Migrationspolitik den Freiheitlichen überlassen zu haben. Die Entscheidung der Regierung, die Lehre für Asylwerber abzuschaffen, ist ein großer Fehler. Sie killen somit eine weitere Integrationsmaßnahme.
https://t.co/4iLFycmqoz","Alma_Zadic",2018-08-27 12:33:34,39,8
"1030831966348660736","A very interesting read https://t.co/GBEtvUufsN","Alma_Zadic",2018-08-18 15:01:07,8,1
"1030459453923966976","Vor 2 Monaten habe ich eine detaillierte Anfrage an d Innenminister gestellt, in der ich wissen wollte, wie er die Qualität in Asylverfahren sichern möchte, um die ""Fehlerquote"" von 42% zu reduzieren. Ich bin auf die Antworten schon sehr gespannt. https://t.co/mNQZOpZekE","Alma_Zadic",2018-08-17 14:20:53,34,2
"1029656318133526530","Solche u. ä. Entscheidungen erschüttern d Vertrauen in d Rechtsstaat. 42% der BFA Entscheidungen werden aufgehoben. Da muss man doch erkennen, dass hier etwas schief läuft. Ich habe das im Innenausschuss ein paar mal angesprochen. Kickl will aber nichts davon wissen. https://t.co/oS9pIgxoLL","Alma_Zadic",2018-08-15 09:09:30,60,12
"1019703530943328258","Der #Tierschutz darf nicht für billigen Populismus und zum Schüren von Ressentiments gegen bestimmte Glaubensrichtungen missbraucht werden. Jegliche Registrierung idZ entspricht nicht unseren europäischen Werten #waldhäusl 
https://t.co/ZofRD3oIZH","Alma_Zadic",2018-07-18 22:00:41,55,15
"1017136083551903744","Erinnern und niemals vergessen in der Hoffnung, dass es sich nie wieder wiederholt! https://t.co/buy1mCm9kU","Alma_Zadic",2018-07-11 19:58:34,54,29
"1017130778398949377","Kickl wirbt in rechtsextremen und antisemitischen Zeitungen um Polizeinachwuchs und argumentiert damit, dass er Wert auf  Meinungsvielfalt legt. Mit seiner Strategie gefährdet er die großartige Arbeit unserer Polizei. https://t.co/Circ24Jqof","Alma_Zadic",2018-07-11 19:37:29,159,44
"1015603480227209219","Ein internes Dokument, das dem Le Monde vorliegt, verrät was die Ö Regierung zum #Asylrecht plant. Nicht nur strotzt das Papier von Vorurteilen auch soll das Asylrecht in #Europa abgeschafft werden. Wir fordern volle Aufklärung des Innenministers! https://t.co/ZtO16Y8bKw","Alma_Zadic",2018-07-07 14:28:33,21,8
"1015600359639867392","Will der Innenminister Kickl jetzt das Asylrecht in Europa ganz abschaffen? Le Monde liegt ein Dokument des BMI vor, welches den Experten der EU-Mitgliedstaaten vorgelegt wurde. Es wird ein System vorgeschlagen, bei dem ""kein Asylantrag auf europäischem Boden gestellt wird"".","Alma_Zadic",2018-07-07 14:16:09,36,14
"1015226060911280128","Austausch mit der EU Kommission. Wenn ihr fragen hab - stelle ich sie gerne. https://t.co/JpOvqasLnw","Alma_Zadic",2018-07-06 13:28:49,9,0
"1015139260637335553","Im Mittelmeer sind allein seit Januar 1405 Menschen ertrunken. Warum schauen wir zu, wenn Kinder ertrinken? Weil es ""fremde"" Kinder sind? Weil der Tod dieser Menschen andere Abschrecken soll? Erinnert mich an eine Karikatur von Dr. Suess aus dem Jahr 1941. Mehr im Video https://t.co/yx4YvIBZWG","Alma_Zadic",2018-07-06 07:43:54,66,13
"1014528667106541568","Auf unsere Dringliche Anfrage heute im Parlament gab es kaum Antworten. Wir werden die Fragen wieder stellen - versprochen #oeNR @Peter_Pilz","Alma_Zadic",2018-07-04 15:17:37,35,5
"1014526711642324992","ACHSE DER MUTWILLIGEN?@Peter_Pilz und ich haben heute 1 dringl Anfrage an @sebastiankurz gestellt.Warum setzen Sie auf nat Lösungen und spalten Europa?Warum kürzen Sie d Hilfe vor Ort?Warum geht es immer nur um Außengrenzen, wir brauchen eine strategische Asyl-&amp;Migrationspolitik?","Alma_Zadic",2018-07-04 15:09:51,41,10
"1014213112436838401","Unfassbares spielte sich in der Justizanstalt Josefstadt ab! https://t.co/BiJCcDtNmX https://t.co/EUzgkSn3bm","Alma_Zadic",2018-07-03 18:23:43,6,1
"1013023229210976256","Herzlichen Glückwunsch liebe Saya Ahmad @saya_ah zu diesem tollen Erfolg! https://t.co/pogBPJpVoc","Alma_Zadic",2018-06-30 11:35:33,18,0
"1011631727415123968","Ich freue mich schon sehr auf die heutige Diskussion mit wunderbaren Kolleginnen @dziedzic_ewa und @MissNtwa. Danke @frauenvb für die Einladung! https://t.co/k7NY5IEiPM","Alma_Zadic",2018-06-26 15:26:13,6,0
"1009355012168994817","Ich freue mich über den neuesten @falter_at. Danke @NinaBrnada für dieses sehr persönliche Interview. Gemeinsam mit großartigen und starken Frauen wie @MissNtwa, Muna Duzdar und Negar L. Roubani haben wir über unseren Weg und unsere Erfahrungen erzählt. https://t.co/j0p6CgmSqo","Alma_Zadic",2018-06-20 08:39:22,106,15
"1008306105703944193","Scheint so als würde das BMI rechtfertigen wollen, warum jeder dritte Bescheid des BFA aufgehoben wird. Jetzt wird unabhängigen Richtern pauschal unterstellt ""eine Agenda"" zu verfolgen und gemeinsam mit Anwälten ""Absprachen"" zu treffen. https://t.co/z4yURBPD6Q https://t.co/ypgzplLcpp","Alma_Zadic",2018-06-17 11:11:23,28,6
"1006995052210671616","Hier die gesamte Rede zum Thema ""ab wann wird es nicht mehr eine Rolle spielen woher man kommt"" https://t.co/keSCsvqeE5","Alma_Zadic",2018-06-13 20:21:44,82,13
"1006954936251441154","""Ab wann wird man nicht mehr auf seinen MigrationsVORdergrund reduziert! Ab wann ist man für Sie Herr Abg #Rädler endlich ein Teil dieser Gesellschaft? "" Diese Frage konnte ich heute im Parlament endlich stellen - Danke euch allen für d Unterstützung! #oeNR","Alma_Zadic",2018-06-13 17:42:19,348,38
"1006808631180976131","#Sobotka hat Abg #Rädler hat für seinen Sager ""Wir sind [hier] nicht in Bosnien"" sowie Abg #Zanger für seinen Ausspruch ""Alma, bei mir bist du sicher"" nachträglich einen Ordnungsruf erteilt. #oeNR","Alma_Zadic",2018-06-13 08:00:57,212,24
"1006427102244110336","Anbei ein Auszug aus dem sten. Protokoll meiner gestrigen Rede - Solche #Zwischenrufe sind leider keine Einzelfälle. Ich wünsche mir eine sachliche Debatte und keine persönlichen Untergriffe im Parlament  #oeNR #aufstehen https://t.co/iojXhMyfvV","Alma_Zadic",2018-06-12 06:44:54,567,193
"995639015440310279","Die harte Arbeit der letzten Monate trägt Früchte. Die Umfragewerte zeigen uns bei 6% :) Danke! https://t.co/y9vwdwm8GB","Alma_Zadic",2018-05-13 12:16:54,10,2
"992374922524725248","Danke #MichaelKöhlmeier f d klaren Worte bei d #gedenkveranstaltung""Wirst du es dir gefallen lassen, wenn ein IM davon spricht, Menschen konzentriert zu halten""- ""Nie Wieder"" darf keine leere Floskel werden,""d große Böse kommt nie in 1em großen Schritt, sondern in vielen Kleinen"" https://t.co/NyT4tIBKbN","Alma_Zadic",2018-05-04 12:06:33,39,9
"991003397435330561","Ein bisschen was Persönliches... https://t.co/VwQmHhjw7W","Alma_Zadic",2018-04-30 17:16:36,45,6
"990138987263283200","Die lähmende bis tödliche Untätigkeit v #UNBlauhelmen führt vor, wie viel Menschenleben im Krieg wert sind. Erinnert mich an Bosnien, an d Hoffnung u die erschütternde Enttäuschung über die UN nach Srebrenica u die verachtenden Graffiti, die sie hinterließen #bosniangirl #Golan","Alma_Zadic",2018-04-28 08:01:45,30,4
"987746481179430917","Nach gestrigen Wortmeldungen mancher Abgeordneter #oeNR bin ich mir nicht sicher ob, sie d Tragweite d Überwachungsmaßnahmen fassen. Die notwendigen Sicherheitslücken für einen #Bundestrojaner sind gefährlich und gefährden unsere Sicherheit!","Alma_Zadic",2018-04-21 17:34:47,44,12
"987043782586707968","Grünes Licht für unser gemeinsames #BVT Verlangen gab es heute im Ausschuss! Morgen wird der Untersuchungsausschuss eingesetzt werden! Es geht los! #OeNR #ListePilz","Alma_Zadic",2018-04-19 19:02:30,22,6
"987007547835076608","Eine lückenlose Aufklärung dieser Vorfälle ist ein Gebot der Stunde. Gotteshäuser sind kein Platz, um Kämpfe und Schlachten von Nationalstaaten zu glorifizieren https://t.co/lvK8IwQALK 
  #ATIB","Alma_Zadic",2018-04-19 16:38:31,6,2
"985924511152377857","Nach wochenlangen und intensiven Verhandlungen mit der SPÖ haben wir ein gemeinsames Verlangen ausgearbeitet, das sich sehen lassen kann. Am Donnerstag wird es eingebracht! #ListePilz #BVT #starkeOpposition
https://t.co/TkIJjSWQUz","Alma_Zadic",2018-04-16 16:54:55,20,5
"984055281494708225","Danke @OliverScheiber1 für dieses klare Statement https://t.co/qkcUpzgeHZ","Alma_Zadic",2018-04-11 13:07:16,4,0
"982226785600397312","Gestern hat die ÖVP/FPÖ Mehrheit dem #Überwachungspaket im Innenausschuss zugestimmt. Warum die Maßnahmen zu einer Massenüberwachung führen erklärt @abendsommer im öffentlichen Hearing der Opposition. https://t.co/6tIz84Nzq6","Alma_Zadic",2018-04-06 12:01:29,23,9
"981201614085263362","Letzter Aufruf bis morgen das #frauenvolksbegehren unterstützen! https://t.co/FIXUWnSAmH","Alma_Zadic",2018-04-03 16:07:49,1,0
"980769419881271297","Nur noch HEUTE und MORGEN könnte ihr die #MinoritySafepack Initiative unterschreiben und so zum Schutz der #Minderheitenrechte in Europa beitragen. 3000 Unterschriften fehlen noch in Österreich: https://t.co/MUOVdQRiyV https://t.co/qR2UnOKe25","Alma_Zadic",2018-04-02 11:30:26,9,7
"976919404020682753","#BVT und schon geht los... der BVT Untersuchungsausschuss wird von der ÖVP/FPÖ abgelehnt - jetzt wird sich der VfGH damit beschäftigen! https://t.co/XbDU3UgeO3","Alma_Zadic",2018-03-22 20:31:50,10,2
"976483178973204481","Die SPÖ hat gerade alleine folgendes Verlangen für eine BVT Untersuchung eingebracht - Zeitraum ab Dezember 2013! Das ist viel zu spät, damit bleiben die dunklen Jahre des BVTs ab 2007 tatsächlich ungeprüft. https://t.co/dOt5Uw6N0S","Alma_Zadic",2018-03-21 15:38:26,4,3
"975815716233412609","Die gesamte Opposition hat heute im #OeNR unserem Misstrauensantrag zugestimmt. Wegen Verdachts auf Amtsmissbrauch haben wir heute Anzeige erstattet. Es gilt die Unschuldsvermutung https://t.co/RgYqGIEOQ2","Alma_Zadic",2018-03-19 19:26:11,70,19
"973982897576316928","Justizminister #Moser bestätigt die Extremismus-Dateien sei nicht das ""Ziel"" der #Razzia. Ja, warum wurden sie dann mitgenommen? Hat der Justizminister bestätigt, dass diese ""versehentlich"" oder gar rechtswidrig mitgenommen wurden? https://t.co/0jT0tzdlEZ","Alma_Zadic",2018-03-14 18:03:13,7,1
"972106983821148162","Die Machtspiele der FPÖ und ÖVP um den Verfassungsschutz sind Ungeheuerlichkeiten und müssen dringend aufgeklärt werden. Wir haben insgesamt 50 Fragen an das BMI+BMJ eingebracht, beantragen eine parlam. Sondersitzung und fordern einen U-Ausschuss! #BVT","Alma_Zadic",2018-03-09 13:49:00,74,22
"971774106906644480","Der Sicherheitsbericht muss jedes Jahr dem Parlament vorgelegt werden - im Wahljahr 2017 blieb er aber aus. Obwohl der Entwurf schon im Juni 2017 fertig war, wurde er nicht veröffentlicht. Warum hätten wir diese Zahlen nicht sehen dürfen?  https://t.co/jPiNcN50oq","Alma_Zadic",2018-03-08 15:46:16,25,16
"968866370753564673","Ja, wir habe die Rede vom BM Kickl gestört um gegen die Überwachungsoffensive zu protestieren https://t.co/1ReW26A4ja","Alma_Zadic",2018-02-28 15:11:58,14,6
"968837752430186496","Außergewöhnliche Anlässe erfordern außergewöhnliche Maßnahmen - Nein zum Überwachungsstaat
https://t.co/bjtsmzGjWn","Alma_Zadic",2018-02-28 13:18:14,5,1
"968786923245457410","Es wir Zeit auch im Parlament zu veranschaulichen, was dieses Überwachungspaket mit sich bringt - #Massenüberwachung und Sicherheitslücken die Tür und Tor den Cyberkriminellen öffnen. #oeNR #ListePilz","Alma_Zadic",2018-02-28 09:56:16,12,8
"966792931490320385","Weltweiter Austausch @IPUparliament zu ""Global Compact on Migration“ einem gemeinsamen Vertrag über sichere, ordnungsgemäße und reguläre Migration. Bis Dezember 2018 soll ein politisch verbindlichen Vertrag entstehen. USA und Ungarn boykottieren #MPsOnMigration https://t.co/EN9BNp7eer","Alma_Zadic",2018-02-22 21:52:51,2,2
